,L_vs_NL_tstat,L_vs_NL_pvalue,L_vs_NL_upperCI,L_vs_NL_lowerCI,SCORAD_r,SCORAD_pvalue
log(S.aureus/P.acnes),3.3975439317656084,0.0030212030738993685,1.4190467412364876,5.972597845040838,0.6033927455542168,3.5155959114980735e-06
log(S.epidermis/P.acnes),4.2297393551529705,0.0004534877608098727,1.452911387710017,4.299316318063524,0.46358260638753673,0.0006974775806690367
log(M.globosa/P.acnes),4.297115710440482,0.000388925139456676,1.047100710581268,3.035772069720557,0.6684985614018759,1.1252516947075348e-07
