,L_vs_NL_tstat,L_vs_NL_pvalue,L_vs_NL_upperCI,L_vs_NL_lowerCI,SCORAD_r,SCORAD_pvalue,multinomial_ranks
Bacteria;Firmicutes;Bacilli;Bacillales;Staphylococcaceae;Staphylococcus;Staphylococcus_aureus,4.076990654002673,0.0006426402950684727,0.13458416599744952,0.4185485198658293,0.7469132209295455,4.700305182247843e-10,-1.5356527281516357
Bacteria;Firmicutes;Bacilli;Bacillales;Staphylococcaceae;Staphylococcus;Staphylococcus_epidermidis,1.909717925162882,0.07138553444953148,-0.002868377666773815,0.06263497978668472,0.13458320756023295,0.35142654103207205,-0.5765366268866821
Eukaryota;Fungi;Basidiomycota;Exobasidiomycetes;Malasseziales;Malasseziaceae;Malassezia;Malassezia_restricta,0.0678304370871125,0.9466293506141413,-0.004158191341902319,0.004436734522959909,-0.030837932945304153,0.8316449647741202,2.128784029412909
Eukaryota;Fungi;Basidiomycota;Exobasidiomycetes;Malasseziales;Malasseziaceae;Malassezia;Malassezia_sympodialis,-0.7441014815203935,0.46591883475936036,-0.00013774411309074594,6.549098412372793e-05,-0.12531648784687308,0.38586840395216704,1.8770309376007752
Eukaryota;Fungi;Basidiomycota;Exobasidiomycetes;Malasseziales;Malasseziaceae;Malassezia;Malassezia_globosa,0.9061444846476847,0.3762079110924046,-0.0014964908314530267,0.003781536336989081,0.20875590794251633,0.14570370773803537,1.4273357974774084
Bacteria;Actinobacteria;Actinobacteria;Actinomycetales;Propionibacteriaceae;Propionibacterium;Propionibacterium_acnes,-2.515603745836239,0.02103623695008683,-0.1762682275244602,-0.01616259251656009,-0.4253195082440067,0.00207659112388536,2.285673527646704
